,a,b,q,dom
0,1,102,IGHA1*01,CH1
1,103,222,IGHA1*01,H-CH2
2,223,353,IGHA1*01,CH3-CHS
4,1,120,IGHA1*02,H-CH2
5,121,251,IGHA1*02,CH3-CHS
7,1,102,IGHA1*03,CH1
8,103,222,IGHA1*03,H-CH2
9,223,353,IGHA1*03,CH3-CHS
11,1,102,IGHA2*01,CH1
12,103,209,IGHA2*01,H-CH2
13,210,340,IGHA2*01,CH3-CHS
14,1,102,IGHA2*02,CH1
15,192,234,IGHA2*02,H-CH2
16,235,365,IGHA2*02,CH3-CHS
18,1,102,IGHA2*03,CH1
19,103,209,IGHA2*03,H-CH2
20,210,340,IGHA2*03,CH3-CHS
21,1,101,IGHD*01,CH1
22,102,135,IGHD*01,H1
23,136,159,IGHD*01,H2
24,160,267,IGHD*01,CH2
25,268,375,IGHD*01,CH3
26,376,384,IGHD*01,CHS
29,1,101,IGHD*02,CH1
30,102,135,IGHD*02,H1
31,136,159,IGHD*02,H2
32,160,267,IGHD*02,CH2
33,268,375,IGHD*02,CH3
34,376,384,IGHD*02,CHS
37,1,103,IGHE*01,CH1
38,104,210,IGHE*01,CH2
39,211,318,IGHE*01,CH3
40,319,428,IGHE*01,CH4-CHS
43,1,103,IGHE*02,CH1
44,104,210,IGHE*02,CH2
45,211,318,IGHE*02,CH3
46,319,428,IGHE*02,CH4-CHS
47,1,103,IGHE*03,CH1
48,104,210,IGHE*03,CH2
49,211,318,IGHE*03,CH3
50,319,428,IGHE*03,CH4-CHS
53,1,103,IGHE*04,CH1
54,104,210,IGHE*04,CH2
55,211,318,IGHE*04,CH3
56,319,428,IGHE*04,CH4-CHS
59,1,98,IGHG1*01,CH1
60,99,113,IGHG1*01,H
61,114,223,IGHG1*01,CH2
62,224,330,IGHG1*01,CH3-CHS
65,1,98,IGHG1*02,CH1
66,99,113,IGHG1*02,H
67,114,223,IGHG1*02,CH2
68,224,330,IGHG1*02,CH3-CHS
69,1,98,IGHG1*03,CH1
70,99,113,IGHG1*03,H
71,114,223,IGHG1*03,CH2
72,224,330,IGHG1*03,CH3-CHS
73,1,98,IGHG1*04,CH1
74,99,113,IGHG1*04,H
75,114,223,IGHG1*04,CH2
76,224,330,IGHG1*04,CH3-CHS
77,1,98,IGHG1*05,CH1
78,99,113,IGHG1*05,H
79,114,223,IGHG1*05,CH2
80,224,330,IGHG1*05,CH3-CHS
83,1,98,IGHG1*06,CH1
84,99,113,IGHG1*06,H
85,114,223,IGHG1*06,CH2
86,224,330,IGHG1*06,CH3-CHS
87,1,98,IGHG1*07,CH1
88,99,113,IGHG1*07,H
89,114,223,IGHG1*07,CH2
90,224,330,IGHG1*07,CH3-CHS
91,1,98,IGHG1*08,CH1
92,99,113,IGHG1*08,H
93,114,223,IGHG1*08,CH2
94,224,330,IGHG1*08,CH3-CHS
95,1,98,IGHG1*09,CH1
96,99,113,IGHG1*09,H
97,114,223,IGHG1*09,CH2
98,224,330,IGHG1*09,CH3-CHS
99,1,98,IGHG1*10,CH1
100,99,113,IGHG1*10,H
101,114,223,IGHG1*10,CH2
102,224,330,IGHG1*10,CH3-CHS
103,1,98,IGHG1*11,CH1
104,99,113,IGHG1*11,H
105,114,223,IGHG1*11,CH2
106,224,330,IGHG1*11,CH3-CHS
107,1,98,IGHG1*12,CH1
108,99,113,IGHG1*12,H
109,114,223,IGHG1*12,CH2
110,224,330,IGHG1*12,CH3-CHS
111,1,98,IGHG1*13,CH1
112,99,113,IGHG1*13,H
113,114,223,IGHG1*13,CH2
114,224,330,IGHG1*13,CH3-CHS
115,1,98,IGHG1*14,CH1
116,99,113,IGHG1*14,H
117,114,223,IGHG1*14,CH2
118,224,330,IGHG1*14,CH3-CHS
119,1,98,IGHG2*01,CH1
120,99,110,IGHG2*01,H
121,111,219,IGHG2*01,CH2
122,220,326,IGHG2*01,CH3-CHS
125,1,98,IGHG2*02,CH1
126,99,110,IGHG2*02,H
127,111,219,IGHG2*02,CH2
128,220,326,IGHG2*02,CH3-CHS
129,1,98,IGHG2*03,CH1
130,99,110,IGHG2*03,H
131,111,219,IGHG2*03,CH2
132,220,326,IGHG2*03,CH3-CHS
133,1,98,IGHG2*04,CH1
134,99,110,IGHG2*04,H
135,111,219,IGHG2*04,CH2
136,220,326,IGHG2*04,CH3-CHS
137,1,98,IGHG2*05,CH1
138,99,110,IGHG2*05,H
139,111,219,IGHG2*05,CH2
140,220,326,IGHG2*05,CH3-CHS
141,1,98,IGHG2*06,CH1
142,99,110,IGHG2*06,H
143,111,219,IGHG2*06,CH2
144,220,326,IGHG2*06,CH3-CHS
147,1,98,IGHG2*07,CH1
148,99,110,IGHG2*07,H
149,111,219,IGHG2*07,CH2
150,220,326,IGHG2*07,CH3-CHS
151,1,98,IGHG2*08,CH1
152,99,110,IGHG2*08,H
153,111,219,IGHG2*08,CH2
154,220,326,IGHG2*08,CH3-CHS
155,1,98,IGHG2*09,CH1
156,99,110,IGHG2*09,H
157,111,219,IGHG2*09,CH2
158,220,326,IGHG2*09,CH3-CHS
159,1,98,IGHG2*10,CH1
160,99,110,IGHG2*10,H
161,111,219,IGHG2*10,CH2
162,220,326,IGHG2*10,CH3-CHS
163,1,98,IGHG2*11,CH1
164,99,110,IGHG2*11,H
165,111,219,IGHG2*11,CH2
166,220,326,IGHG2*11,CH3-CHS
167,1,98,IGHG2*12,CH1
168,99,110,IGHG2*12,H
169,111,219,IGHG2*12,CH2
170,220,326,IGHG2*12,CH3-CHS
171,1,98,IGHG2*13,CH1
172,99,110,IGHG2*13,H
173,111,219,IGHG2*13,CH2
174,220,326,IGHG2*13,CH3-CHS
175,1,98,IGHG2*14,CH1
176,99,110,IGHG2*14,H
177,111,219,IGHG2*14,CH2
178,220,326,IGHG2*14,CH3-CHS
179,1,98,IGHG2*15,CH1
180,99,110,IGHG2*15,H
181,111,219,IGHG2*15,CH2
182,220,326,IGHG2*15,CH3-CHS
183,1,109,IGHG2*16,CH2
184,110,216,IGHG2*16,CH3-CHS
185,1,109,IGHG2*17,CH2
186,110,216,IGHG2*17,CH3-CHS
187,1,98,IGHG3*01,CH1
188,99,115,IGHG3*01,H1
189,116,130,IGHG3*01,H2
190,131,145,IGHG3*01,H3
191,146,160,IGHG3*01,H4
192,161,270,IGHG3*01,CH2
193,271,377,IGHG3*01,CH3-CHS
196,1,11,IGHG3*02,CH1
197,12,28,IGHG3*02,H1
198,29,43,IGHG3*02,H2
199,44,58,IGHG3*02,H3
200,59,73,IGHG3*02,H4
201,74,90,IGHG3*02,CH2
202,91,101,IGHG3*02,CH3-CHS
203,1,98,IGHG3*03,CH1
204,99,115,IGHG3*03,H1
205,116,130,IGHG3*03,H3
206,131,145,IGHG3*03,H4
207,146,255,IGHG3*03,CH2
208,256,362,IGHG3*03,CH3-CHS
211,1,98,IGHG3*04,CH1
212,99,115,IGHG3*04,H1
213,116,130,IGHG3*04,H4
214,131,240,IGHG3*04,CH2
215,241,347,IGHG3*04,CH3-CHS
216,1,98,IGHG3*05,CH1
217,99,115,IGHG3*05,H1
218,116,130,IGHG3*05,H2
219,131,145,IGHG3*05,H3
220,146,160,IGHG3*05,H4
221,161,270,IGHG3*05,CH2
222,271,377,IGHG3*05,CH3-CHS
223,1,98,IGHG3*06,CH1
224,99,115,IGHG3*06,H1
225,116,130,IGHG3*06,H2
226,131,145,IGHG3*06,H3
227,146,160,IGHG3*06,H4
228,161,270,IGHG3*06,CH2
229,271,377,IGHG3*06,CH3-CHS
230,1,98,IGHG3*07,CH1
231,99,115,IGHG3*07,H1
232,116,130,IGHG3*07,H2
233,131,145,IGHG3*07,H3
234,146,160,IGHG3*07,H4
235,161,270,IGHG3*07,CH2
236,271,377,IGHG3*07,CH3-CHS
237,1,98,IGHG3*08,CH1
238,99,115,IGHG3*08,H1
239,116,130,IGHG3*08,H2
240,131,145,IGHG3*08,H3
241,146,160,IGHG3*08,H4
242,161,270,IGHG3*08,CH2
243,271,377,IGHG3*08,CH3-CHS
244,1,98,IGHG3*09,CH1
245,99,115,IGHG3*09,H1
246,116,130,IGHG3*09,H2
247,131,145,IGHG3*09,H3
248,146,160,IGHG3*09,H4
249,161,270,IGHG3*09,CH2
250,271,377,IGHG3*09,CH3-CHS
251,1,98,IGHG3*10,CH1
252,99,115,IGHG3*10,H1
253,116,130,IGHG3*10,H2
254,131,145,IGHG3*10,H3
255,146,160,IGHG3*10,H4
256,161,270,IGHG3*10,CH2
257,271,377,IGHG3*10,CH3-CHS
260,1,98,IGHG3*11,CH1
261,99,115,IGHG3*11,H1
262,116,130,IGHG3*11,H2
263,131,145,IGHG3*11,H3
264,146,160,IGHG3*11,H4
265,161,270,IGHG3*11,CH2
266,271,377,IGHG3*11,CH3-CHS
267,1,98,IGHG3*12,CH1
268,99,115,IGHG3*12,H1
269,116,130,IGHG3*12,H2
270,131,145,IGHG3*12,H4
271,146,255,IGHG3*12,CH2
272,256,362,IGHG3*12,CH3-CHS
273,1,98,IGHG3*13,CH1
274,99,115,IGHG3*13,H1
275,116,130,IGHG3*13,H2
276,131,145,IGHG3*13,H3
277,146,160,IGHG3*13,H4
278,161,270,IGHG3*13,CH2
279,271,377,IGHG3*13,CH3-CHS
280,1,98,IGHG3*14,CH1
281,99,115,IGHG3*14,H1
282,116,130,IGHG3*14,H2
283,131,145,IGHG3*14,H3
284,146,160,IGHG3*14,H4
285,161,270,IGHG3*14,CH2
286,271,377,IGHG3*14,CH3-CHS
287,1,98,IGHG3*15,CH1
288,99,115,IGHG3*15,H1
289,116,130,IGHG3*15,H2
290,131,145,IGHG3*15,H3
291,146,160,IGHG3*15,H4
292,161,270,IGHG3*15,CH2
293,271,377,IGHG3*15,CH3-CHS
294,1,98,IGHG3*16,CH1
295,99,115,IGHG3*16,H1
296,116,130,IGHG3*16,H2
297,131,145,IGHG3*16,H3
298,146,160,IGHG3*16,H4
299,161,270,IGHG3*16,CH2
300,271,377,IGHG3*16,CH3-CHS
301,1,98,IGHG3*17,CH1
302,99,115,IGHG3*17,H1
303,116,130,IGHG3*17,H3
304,131,145,IGHG3*17,H4
305,146,255,IGHG3*17,CH2
306,256,362,IGHG3*17,CH3-CHS
307,1,98,IGHG3*18,CH1
308,99,115,IGHG3*18,H1
309,116,130,IGHG3*18,H3
310,131,145,IGHG3*18,H4
311,146,255,IGHG3*18,CH2
312,256,362,IGHG3*18,CH3-CHS
313,1,98,IGHG3*19,CH1
314,99,115,IGHG3*19,H1
315,116,130,IGHG3*19,H3
316,131,145,IGHG3*19,H4
317,146,255,IGHG3*19,CH2
318,256,362,IGHG3*19,CH3-CHS
319,1,98,IGHG3*20,CH1
320,99,115,IGHG3*20,H1
321,116,130,IGHG3*20,H2
322,131,145,IGHG3*20,H3
323,146,160,IGHG3*20,H4
324,161,270,IGHG3*20,CH2
325,271,377,IGHG3*20,CH3-CHS
326,1,98,IGHG3*21,CH1
327,99,115,IGHG3*21,H1
328,116,130,IGHG3*21,H2
329,131,145,IGHG3*21,H3
330,146,160,IGHG3*21,H4
331,161,270,IGHG3*21,CH2
332,271,377,IGHG3*21,CH3-CHS
333,1,98,IGHG3*22,CH1
334,99,115,IGHG3*22,H1
335,116,130,IGHG3*22,H2
336,131,145,IGHG3*22,H3
337,146,160,IGHG3*22,H4
338,161,270,IGHG3*22,CH2
339,271,377,IGHG3*22,CH3-CHS
340,1,98,IGHG3*23,CH1
341,99,115,IGHG3*23,H1
342,116,130,IGHG3*23,H2
343,131,145,IGHG3*23,H4
344,146,255,IGHG3*23,CH2
345,256,362,IGHG3*23,CH3-CHS
346,1,98,IGHG3*24,CH1
347,99,115,IGHG3*24,H1
348,116,130,IGHG3*24,H2
349,131,145,IGHG3*24,H3
350,146,160,IGHG3*24,H4
351,161,270,IGHG3*24,CH2
352,271,377,IGHG3*24,CH3-CHS
353,1,98,IGHG3*25,CH1
354,99,115,IGHG3*25,H1
355,116,130,IGHG3*25,H2
356,131,145,IGHG3*25,H3
357,146,160,IGHG3*25,H4
358,161,270,IGHG3*25,CH2
359,271,377,IGHG3*25,CH3-CHS
360,1,98,IGHG3*26,CH1
361,99,115,IGHG3*26,H1
362,116,130,IGHG3*26,H2
363,131,145,IGHG3*26,H3
364,146,160,IGHG3*26,H4
365,161,270,IGHG3*26,CH2
366,271,377,IGHG3*26,CH3-CHS
367,1,98,IGHG3*27,CH1
368,99,115,IGHG3*27,H1
369,116,130,IGHG3*27,H2
370,131,145,IGHG3*27,H3
371,146,160,IGHG3*27,H4
372,161,270,IGHG3*27,CH2
373,271,377,IGHG3*27,CH3-CHS
374,1,98,IGHG3*28,CH1
375,99,115,IGHG3*28,H1
376,116,130,IGHG3*28,H2
377,131,145,IGHG3*28,H3
378,146,160,IGHG3*28,H4
379,161,270,IGHG3*28,CH2
380,271,377,IGHG3*28,CH3-CHS
381,1,98,IGHG3*29,CH1
382,99,115,IGHG3*29,H1
383,116,130,IGHG3*29,H2
384,131,145,IGHG3*29,H3
385,146,160,IGHG3*29,H4
386,161,270,IGHG3*29,CH2
387,271,377,IGHG3*29,CH3-CHS
388,1,98,IGHG4*01,CH1
389,99,110,IGHG4*01,H
390,111,220,IGHG4*01,CH2
391,221,327,IGHG4*01,CH3-CHS
392,1,12,IGHG4*02,H
393,13,122,IGHG4*02,CH2
394,123,229,IGHG4*02,CH3-CHS
395,1,110,IGHG4*03,CH2
396,111,217,IGHG4*03,CH3-CHS
397,1,98,IGHG4*04,CH1
398,99,110,IGHG4*04,H
399,111,220,IGHG4*04,CH2
400,221,327,IGHG4*04,CH3-CHS
403,1,110,IGHG4*05,CH2
404,111,217,IGHG4*05,CH3-CHS
405,1,110,IGHG4*06,CH2
406,111,217,IGHG4*06,CH3-CHS
407,1,110,IGHG4*07,CH2
408,111,217,IGHG4*07,CH3-CHS
409,1,110,IGHG4*08,CH2
410,111,217,IGHG4*08,CH3-CHS
411,1,104,IGHM*01,CH1
412,105,216,IGHM*01,CH2
413,217,322,IGHM*01,CH3
414,323,452,IGHM*01,CH4-CHS
417,1,17,IGHM*02,CH1
418,35,116,IGHM*02,CH2
419,142,184,IGHM*02,CH3
420,185,298,IGHM*02,CH4-CHS
421,1,104,IGHM*03,CH1
422,105,216,IGHM*03,CH2
423,217,322,IGHM*03,CH3
424,323,453,IGHM*03,CH4-CHS
427,1,104,IGHM*04,CH1
428,105,216,IGHM*04,CH2
429,217,322,IGHM*04,CH3
430,323,453,IGHM*04,CH4-CHS
